Genome ID,Genome Name,Organism Name,NCBI Taxon ID,Genome Status,Strain,Serovar,Biovar,Pathovar,MLST,Other Typing,Culture Collection,Type Strain,Completion Date,Publication,BioProject Accession,BioSample Accession,Assembly Accession,SRA Accession,GenBank Accessions,RefSeq Accessions,Sequencing Centers,Sequencing Status,Sequencing Platform,Sequencing Depth,Assembly Method,Chromosomes,Plasmids,Contigs,Genome Length,GC Content,PATRIC CDS,RefSeq CDS,Isolation Site,Isolation Source,Isolation Comments,Collection Date,Isolation Country,Geographic Location,Latitude,Longitude,Altitude,Depth,Other Environmental,Host Name,Host Gender,Host Age,Host Health,Body Sample Site,Body Sample Subsite,Other Clinical,AntiMicrobial Resistance,AntiMicrobial Resistance Evidence,Gram Stain,Cell Shape,Motility,Sporulation,Temperature Range,Optimal Temperature,Salinity,Oxygen Requirement,Habitat,Disease,Comments,Additional Metadata,Coarse Consistency,Fine Consistency,Checkm Completeness,Checkm Contamination,Genome Quality Flags,Genome Quality,Date Inserted,Date Modified
"1046625.3","Acinetobacter lwoffii WJ10621","Acinetobacter lwoffii WJ10621",1046625,"WGS","WJ10621",,,,,,,,,,"PRJNA68097","SAMN02471142","GCA_000219275.1",,"AFQY00000000","-",,"assembly",,,,,,8,3180031,41.57,3044,,,,,,"France",,,,,,,"Human, Homo sapiens","female","62",,"urinary tract",,,,,,"rod-shaped","Nonmotile",,"Mesophilic","-",,"Anearobic",,"Nosocomial infections;Pneumonia","Acinetobacter lwoffii WJ10621.This strain will be used for comparative genome analysis. Multi-drug Resistance",,96.5,94.7,93.1,3.2,,"Good","2014-12-08T22:09:41.390Z","2015-03-16T03:17:09.594Z"
"1455315.5","Acinetobacter baumannii LAC-4",,1455315,"Complete","LAC-4",,,,"MLST.Acinetobacter_baumannii_1.447,MLST.Acinetobacter_baumannii_2.10",,,,"2015-03-11T00:00:00Z","25728466","PRJNA242902","SAMN02709859","GCF_000786735.1",,"CP007712,CP007713,CP007714","NZ_CP007712.1,NZ_CP007713.1,NZ_CP007714.1","California State University, Los Angeles",,"Roche 454 FLX+; Illumina Hiseq2000;","43.5x; 255.6x; 408x","GS De Novo Assembler v. unknown",1,2,3,3968436,39,3826,3806,,"unavailable",,"1997-01-02","United States","USA: Los Angeles County, California",,,,,,"Human, Homo sapiens",,,"unavailable",,,,,,"Negative","Coccobacilli","No",,"Mesophilic","37C",,"Aerobic","HostAssociated","Bacterial infection","The goals of this project are to identify virulence factor genes and to understand the mechanisms of pathogenesis and resistance","collected_by:Public Health Laboratory",98.8,98.2,98.4,1,,"Good","2016-01-17T15:41:06.592Z","2016-01-17T15:41:06.592Z"
"1675902.3","Acinetobacter sp. VT 511",,1675902,"WGS","VT 511",,,,,,,,"2015-07-14T00:00:00Z",,"PRJNA287555","SAMN03783304","GCF_001077515.1",,"LFRE01000000",,"Institute of Human Microbiology",,"Illumina HiSeq","125.0x","SPAdes 3.5.0 v. Linux December 7, 2014",,,121,3416321,42.66,3470,3153,,"Stomach",,"2013","Russia","Russia",,,,,,"Human, Homo sapiens",,,,,,,,,,,,,"Mesophilic","37 C",,"Aerobic","HostAssociated","Not connected","The goal is the identification and characterization of bacteria which is found in association with GIT diseases in humans.","sample_type:single cell",98.2,96,100,3,,"Good","2016-01-17T16:20:40.121Z","2016-01-17T16:20:40.121Z"
"405416.6","Acinetobacter baumannii ACICU","Acinetobacter baumannii ACICU",405416,"Complete","ACICU",,,,"MLST.Acinetobacter_baumannii_2.2",,,,"2008-04-15T00:00:00Z","27458211","PRJNA17827","SAMN02603140","GCA_000018445.1",,"CP000863,CP000865,CP000864","NC_010611,NC_010606,NC_010605","CNR - National Research Council|Istituto Superiore di Sanita|National Research Council, Istitute for Biomedical Technologies, Italy, Segrate","complete",,,,1,2,3,3996761,38.9,3690,3759,,"CSF","isolated from an outbreak in an intensive care unit in Rome","2005","Italy","Rome",,,,,,"Human, Homo sapiens",,,,,,,"Resistant","AMR Panel","-","Pleomorphic rod",,,"Mesophilic","37","Non-halophilic","Aerobic","Aquatic","Nosocomial infections","Acinetobacter baumannii strain ACICU. Acinetobacter baumannii strain ACICU (also called H34)was isolated from an outbreak in an intensive care unit in Rome. This strain will be used for comparative analysis with other Acinetobacter baumannii strains.;A novel method of consensus panchromosome assembly and large-scale comparative analysis reveal the highly flexible pan-genome of Acinetobacter baumannii",,99.4,98.3,100,1,,"Good","2014-12-08T22:09:34.589Z","2015-03-16T03:17:09.594Z"
"470.1294","Acinetobacter baumannii strain AB31",,470,"Complete","AB31",,,,"MLST.Acinetobacter_baumannii_1.1000,MLST.Acinetobacter_baumannii_2.638",,,,"2014-10-30T00:00:00Z","25323714","PRJNA256158","SAMN02940901","GCF_000746605.1","SRR1572754,SRR1572803,SRR1572804","CP009256","NZ_CP009256.1","University of Manitoba",,"PacBio","88.9x","SMRT Analysis v. v2.2.0",1,,1,3803317,39.16,3588,3456,,"Hospital",,"01-Jan-2010","Canada","Canada:Toronto",,,,,,"Human, Homo sapiens",,,"Blood stream infection",,,,,,"Negative","Bacilli","Yes",,"Mesophilic","37C",,"Aerobic","Unknown","Bloodstream infection","Genome sequence of a drug resistant Acinetobacter isolate","collected_by:A. Kumar",99,97.6,100,,,"Good","2016-01-17T15:39:05.401Z","2016-01-17T15:39:05.401Z"
"470.1295","Acinetobacter baumannii strain AB30",,470,"Complete","AB30",,,,"MLST.Acinetobacter_baumannii_1.758,MLST.Acinetobacter_baumannii_2.79",,,,"2014-10-30T00:00:00Z","25323713","PRJNA256157","SAMN02940899","GCF_000746645.1","SRR1571541,SRR1571547,SRR1571548","CP009257","NZ_CP009257.1","University of Manitoba",,"PacBio","93.3x","SMRT Analysis v. v2.2.0",1,,1,4335793,39.04,4359,4132,,"Hospital",,"01-Jan-2010","Canada","Canada: Winnipeg",,,,,,"Human, Homo sapiens",,,"Blood stream infection",,,,,,"Negative","Bacilli","No",,"Mesophilic","37C",,"Aerobic","Unknown","Sepsis","Genome sequence of an extreme drug resistant organism","collected_by:A. Kumar",99.3,98.6,100,,,"Good","2016-01-17T15:39:06.030Z","2016-01-17T15:39:06.030Z"
"470.1574","Acinetobacter baumannii strain B8300",,470,"Complete","B8300",,,,,,,,"2015-07-14T00:00:00Z",,"PRJNA286871","SAMN03771402","GCF_001077965.1",,"LFYY01000000",,"University of Kansas Medical Center",,"PacBio","18.32x","SMRT v. 2.3.0; HGAP3 v. May 2015",,1,2,3850058,39.25,3726,3710,,"blood",,"2014","India","India: Vellore",,,,,,"Human, Homo sapiens","male","29 yrs","bacteremia",,,,,,,,,,"Mesophilic","C",,"Aerobic","Terrestrial","Human","Complete genome of an emerging human pathogen","collected_by:CMC, Vellore, India;passage_history:none",99.2,98.3,100,1.5,,"Good","2016-01-17T16:20:48.483Z","2016-01-17T16:20:48.483Z"
"470.1578","Acinetobacter baumannii strain B11911",,470,"WGS","B11911",,,,"MLST.Acinetobacter_baumannii_2.149",,,,"2015-07-14T00:00:00Z","26358595","PRJNA286874","SAMN03771550","GCF_001077565.1",,"LFYX01000000",,"University of Kansas Medical Center",,"PacBio","16.34x","SMRT v. 2.3.0; HGAP3 v. May 2015",,,4,4263915,39.15,4075,4020,,"blood",,"2014","India","India: Vellore",,,,,,"Human, Homo sapiens","male","45","Bacteremia",,,,,,,,,,,"C",,,,"Bacteremia","Complete genome sequence of a multidrug resistant A. baumannii isolates of Southern India","collected_by:CMC, Vellore, India;passage_history:none",99.3,98.6,100,1,,"Good","2016-01-17T16:20:41.214Z","2016-01-17T16:20:41.214Z"
"470.2928","Acinetobacter baumannii strain CMC-CR-MDR-Ab4",,470,"Complete","CMC-CR-MDR-Ab4",,,,"MLST.Acinetobacter_baumannii_2.2",,,,"2016-12-27T00:00:00Z",,"PRJNA296424","SAMN04096368","GCF_001922205.1",,"CP016295,CP016296,CP016297","NZ_CP016295.1,NZ_CP016296.1,NZ_CP016297.1","Virginia Tech",,"PacBio RS II","165x","SMRT v. 2.2 HGAP.3",1,2,3,4156005,39.01,4018,3900,,"BAL",,,"United States","USA:VA",,,,,,"Human, Homo sapiens","female","32","Pneumococcal septicemia",,,"host_description:Human;host_disease_outcome:Rehab;host_health_state:septicemia, necrosis of liver, acute kidney failure, acute respiratory failure, chronic pulmonary heart disease, pulmonary collapse, DVT",,,,,,,"Mesophilic","37 C",,"Aerobic","HostAssociated","Nosocomial","A genomics investigation that helped to identify the genetic basis for MDR-Ab and provide a supportive summary of demographic and clinical features of patients infected and colonized by Ab, based upon genomic analysis of sporadic Ab isolates collected from a tertiary care teaching hospital in Southwestern Virginia, USA.","collected_by:Carilion Roanoke Memorial Hospital",99.4,98.4,100,,,"Good","2017-01-17T18:53:09.396Z","2017-01-17T18:53:09.396Z"
"470.2929","Acinetobacter baumannii strain CMC-MDR-Ab59",,470,"Complete","CMC-MDR-Ab59",,,,"MLST.Acinetobacter_baumannii_2.2",,,,"2016-12-27T00:00:00Z",,"PRJNA296424","SAMN04096369","GCF_001922225.1",,"CP016298,CP016299","NZ_CP016298.1,NZ_CP016299.1","Virginia Tech",,"PacBio RS II","161x","SMRT v. 2.2 HGAP.3",1,1,2,4076357,39.08,3895,3794,,"Sputum",,,"United States","USA:VA",,,,,,"Human, Homo sapiens","male","51","Septicemia",,,"host_description:Human;host_disease_outcome:Transfer;host_health_state:Septicemia, acute & chronic respiratory failure, pancreatitis, heart failure, end stage renal disease, coma, morbid obesity, C. diff, chronic pulmonary heart disease",,,,,,,"Mesophilic","37 C",,"Aerobic","HostAssociated","Nosocomial","A genomics investigation that helped to identify the genetic basis for MDR-Ab and provide a supportive summary of demographic and clinical features of patients infected and colonized by Ab, based upon genomic analysis of sporadic Ab isolates collected from a tertiary care teaching hospital in Southwestern Virginia, USA.","collected_by:Carilion Roanoke Memorial Hospital",99.4,98.5,100,,,"Good","2017-01-17T18:55:04.035Z","2017-01-17T18:55:04.035Z"
"470.2930","Acinetobacter baumannii strain CMC-CR-MDR-Ab66",,470,"Complete","CMC-CR-MDR-Ab66",,,,"MLST.Acinetobacter_baumannii_2.2",,,,"2016-12-27T00:00:00Z",,"PRJNA296424","SAMN04096370","GCF_001922245.1",,"CP016300,CP016301,CP016302","NZ_CP016300.1,NZ_CP016301.1,NZ_CP016302.1","Virginia Tech",,"PacBio RS II","188x","SMRT v. 2.2 HGAP.3",1,2,3,4174158,39.01,4046,3920,,"TA",,,"United States","USA:VA",,,,,,"Human, Homo sapiens","male","77","Acute and Chronic Respiratory Failure",,,"host_description:Human;host_disease_outcome:Expired;host_health_state:Acute & chronic respiratory failure, septicemia, malignant neoplasm, acute kidney failure, tobacco use disorder, prediabetes, hyperlipidemia, PVD, COPD",,,,,,,"Mesophilic","37 C",,"Aerobic","HostAssociated","Nosocomial","A genomics investigation that helped to identify the genetic basis for MDR-Ab and provide a supportive summary of demographic and clinical features of patients infected and colonized by Ab, based upon genomic analysis of sporadic Ab isolates collected from a tertiary care teaching hospital in Southwestern Virginia, USA.","collected_by:Carilion Roanoke Memorial Hospital",99.4,97.4,100,1,,"Good","2017-01-17T18:54:41.805Z","2017-01-17T18:54:41.805Z"
"470.4248","Acinetobacter baumannii strain AC003",,470,"WGS","AC003",,,,"MLST.Acinetobacter_baumannii_1.106,MLST.Acinetobacter_baumannii_2.3","genotype:ST106",,,"2017-10-03T00:00:00Z",,"PRJNA302393","SAMN04272863","GCA_002416325.1",,"LNUX01000000",,"Genomic Research Laboratory (GRL)",,"Illumina MiSeq","172.0x","Edena v. 3",,,50,3965148,38.93,3858,3720,,"skin swab",,"2008","Switzerland","Switzerland: Geneva",,,,,,"Human, Homo sapiens",,,"Bacterial colonization",,,,"Susceptible","Computational Prediction",,,,,,"C",,,,"Bacterial infection","Genome sequences of a clinical isolate of Acinetobacter baumannii.","collected_by:Bacteriology lab of HUG",99.3,98.7,100,,,"Good","2017-11-23T02:42:17.996Z","2017-11-23T02:42:17.996Z"
"470.4253","Acinetobacter baumannii strain AC002",,470,"WGS","AC002",,,,"MLST.Acinetobacter_baumannii_2.2","genotype:ST208",,,"2017-10-03T00:00:00Z",,"PRJNA302424","SAMN04272865","GCA_002416435.1",,"LNUZ01000000",,"Genomic Research Laboratory (GRL)",,"Illumina MiSeq","410.0x","Edena v. 3",,,77,4026500,39.17,3963,3816,,"rectal swab",,"2010","Switzerland","Switzerland: Geneva",,,,,,"Human, Homo sapiens",,,"Bacterial colonization",,,,"Resistant","Computational Prediction",,,,,,"C",,,,"Bacterial colonization","Genome sequences of a clinical isolate of Acinetobacter baumannii.","collected_by:Bacteriology lab of HUG",99.3,98.4,99.5,,,"Good","2017-11-23T02:42:52.393Z","2017-11-23T02:42:52.393Z"
"470.4255","Acinetobacter baumannii strain AC001",,470,"WGS","AC001",,,,"MLST.Acinetobacter_baumannii_1.449,MLST.Acinetobacter_baumannii_2.20","genotype:ST449",,,"2017-10-03T00:00:00Z",,"PRJNA302420","SAMN04272864","GCA_002416345.1",,"LNUY01000000",,"Genomic Research Laboratory (GRL)",,"Illumina MiSeq","199.0x","Edena v. 3",,,70,4075869,38.86,4064,3875,,"Blood",,"2006","Switzerland","Switzerland: Geneva",,,,,,"Human, Homo sapiens",,,"Bacterial infection",,,,"Susceptible","Computational Prediction",,,,,,"C",,,,"infection","Genome sequences of a clinical isolate of Acinetobacter baumannii.","collected_by:Bacteriology lab of HUG",99.2,98.4,100,,,"Good","2017-11-23T02:56:18.872Z","2017-11-23T02:56:18.872Z"
"480119.5","Acinetobacter baumannii AB0057","Acinetobacter baumannii AB0057",480119,"Complete","AB0057",,,,"MLST.Acinetobacter_baumannii_1.207,MLST.Acinetobacter_baumannii_2.1","oc locus:OCL3",,,"2008-11-17T00:00:00Z","27458211","PRJNA21111","SAMN02603051","GCA_000021245.1","SRR1997868","CP001182,CP001183","NC_011586,NC_011585","Case Western Reserve University|Case Western Reserve University, Department of Genetics, School of Medicine, USA, Cleveland","complete",,,,1,1,2,4059242,39.2,3770,3801,,"Blood","isolate from a bloodstream infection of a patient at Walter Reed Army Medical Center","2004","United States","Walter Reed Army Medical Center",,,,,,"Human, Homo sapiens",,,,,,,"Resistant","AMR Panel","-","Pleomorphic rod","No","No","Mesophilic","-",,"Aerobic","Multiple","Nosocomial infections","Acinetobacter baumannii AB0057. Acinetobacter baumannii AB0057 is a multidrug-resistant isolate from a bloodstream infection of a patient at Walter Reed Army Medical Center.;A novel method of consensus panchromosome assembly and large-scale comparative analysis reveal the highly flexible pan-genome of Acinetobacter baumannii;Holt et al., Microbial Genomics, 2016.",,99.3,98.2,100,1,,"Good","2014-12-08T22:09:31.953Z","2015-03-16T03:17:09.594Z"
"557600.4","Acinetobacter baumannii AB307-0294","Acinetobacter baumannii AB307-0294",557600,"Complete","AB307-0294",,,,"MLST.Acinetobacter_baumannii_2.1",,,,"2008-11-24T00:00:00Z","18931120","PRJNA30993","SAMN02603889","GCA_000021145.1",,"CP001172","NC_011595","SUNY-Buffalo-CoE|Infectious Disease and Genomics, Center of  Excellence (CoE) in Bioinformatics and Life Sciences","complete",,,,1,,1,3760981,39,3409,3451,,"Blood","isolated from the blood of a hospitalized patient in Buffalo, NY","1994","United States","USA: Buffalo NY",,,,,,"Human, Homo sapiens",,,,,,,,,"-","Pleomorphic rod",,,"Mesophilic","-",,"Aerobic","Multiple","Nosocomial infections","Acinetobacter baumannii AB307-0294. Acinetobacter baumannii AB307-0294 was isolated from the blood of a hospitalized patient in Buffalo, NY. This is a multi-drug resistant strain and will be used for comparative analysis.",,99.3,98.5,100,1.5,,"Good","2014-12-08T22:09:32.203Z","2015-03-16T03:17:09.594Z"
"575584.3","Acinetobacter baumannii ATCC 19606 = CIP 70.34","Acinetobacter baumannii ATCC 19606",575584,"WGS","ATCC 19606",,,,"MLST.Acinetobacter_baumannii_2.52",,"ATCC 19606, DSM 6974",,"2009-09-30T00:00:00Z","23144699","PRJNA38509","SAMN02463741","GCA_000162295.1",,"ACQB00000000","NZ_ACQB00000000","Broad Institute","assembly","454-GS-FLX","20.79x","Newbler v. 2.1-PreRelease-4/28/2009",,,22,3971516,39.1,3652,3766,,,,,,,,,,,,"Human, Homo sapiens",,,,"Urogenital tract; Urinary tract",,,,,"-","Pleomorphic rod","No","No","Mesophilic","-",,"Aerobic",,"Nosocomial infections","Acinetobacter baumannii ATCC 19606.This genome will be used for comparative analysis.",,99.3,98.3,100,1,,"Good","2014-12-08T22:09:34.676Z","2015-03-16T03:17:09.594Z"
"575585.3","Acinetobacter calcoaceticus RUH2202","Acinetobacter calcoaceticus RUH2202",575585,"WGS","RUH2202",,,,"MLST.Acinetobacter_baumannii_1.1042,MLST.Acinetobacter_baumannii_2.92",,"LMG 10517",,"2008-08-26T00:00:00Z","23144699","PRJNA38337","SAMN02463728","GCA_000162035.1",,"ACPK00000000","NZ_ACPK00000000","Broad Institute","assembly","454","17.29x","Newbler v. 2.0.0-PostRelease-1/21/2009",,,15,3881790,38.6,3446,3566,,"Wound","isolated from a skin wound","1980",,,,,,,,"Human, Homo sapiens",,,,"Skin",,,,,,"Rod","No","No","Mesophilic","-",,"Aerobic",,"Nosocomial infections","Acinetobacter calcoaceticus RUH2202.Strain RUH 2202 was isolated from a skin wound.This strain will be used for comparative genome analysis.",,99.3,98.6,100,0.6,,"Good","2014-12-08T22:09:39.745Z","2015-03-16T03:17:09.594Z"
"575587.11","Acinetobacter junii SH205",,575587,"WGS","SH205",,,,,,,,"2015-03-12T00:00:00Z",,"PRJNA38341","SAMN02463730","GCA_000162075.1",,"ACPM01000000",,"Broad Institute",,,,,,,44,3463059,37.3,3435,3186,,"patient's perineum","recovered from a patient's perineum",,,,,,,,"env_biome:terrestrial biome [ENVO:00000446]","Human, Homo sapiens",,,,,,,,,"Negative","Bacilli","No",,"Mesophilic",,,,,"Nosocomial infections","Acinetobacter junii SH205. Strain SH 205 was recovered from a patient's perineum. This strain will be used for comparative genome analysis.",,98.5,97.2,100,,,"Good","2017-11-24T18:38:16.681Z","2017-11-24T18:38:16.681Z"
"575587.3","Acinetobacter junii SH205","Acinetobacter junii SH205",575587,"WGS","SH205",,,,,,"CCUG 57821",,"2008-08-26T00:00:00Z","23144699","PRJNA38341","SAMN02463730","GCA_000162075.1",,"ACPM00000000","NZ_ACPM00000000","Broad Institute","assembly","454","29.15x","Newbler 2.0.0-PostRelease-1/21/2009",,,44,3463059,38.7,3140,3186,,"patient's perineum","recovered from a patient's perineum",,,,,,,,,"Human, Homo sapiens",,,,"Gastrointestinal tract",,,,,"-","Rod","No",,"Mesophilic","-",,,,"Nosocomial infections","Acinetobacter junii SH205.Strain SH 205 was recovered from a patient's perineum.This strain will be used for comparative genome analysis.",,98.5,97.3,100,,,"Good","2014-12-08T22:09:41.163Z","2015-03-16T03:17:09.594Z"
"575588.3","Acinetobacter lwoffii SH145","Acinetobacter lwoffii SH145",575588,"WGS","SH145",,,,,,"CCUG 57819",,"2008-08-26T00:00:00Z","23144699","PRJNA38343","SAMN02463731","GCA_000162095.1",,"ACPN00000000","NZ_ACPN00000000","Broad Institute","assembly","454-GS-FLX","22.06x","Newbler 2.0.0-PostRelease-1/21/2009",,,76,3481004,42.6,3031,3134,,"Skin","recovered from a patient's hand","1994",,,,,,,,"Human, Homo sapiens",,,,"Skin",,,,,"-","Rod","No",,"Mesophilic","-",,"Aerobic",,"Nosocomial infections","Acinetobacter lwoffii SH145.Strain SH 145 was recovered from a patient's hand.This strain will be used for comparative genome analysis.",,98.8,98.2,100,,,"Good","2014-12-08T22:09:41.340Z","2015-03-16T03:17:09.594Z"
"575589.10","Acinetobacter radioresistens SH164",,575589,"WGS","SH164",,,,,,,,"2015-03-12T00:00:00Z",,"PRJNA38345","SAMN02463732","GCA_000162115.1",,"ACPO01000000",,"Broad Institute",,,,,,,18,3158014,41.24,3052,2874,,"patient's forehead","recovered from a patient's forehead",,,,,,,,"env_biome:terrestrial biome [ENVO:00000446]","Human, Homo sapiens",,,,,,,,,"Negative","Bacilli","No",,"Mesophilic",,,"Aerobic",,"Nosocomial infections","Acinetobacter radioresistens SH164. Strain SH 164 was recovered from a patient's forehead. This strain will be used for comparative genome analysis.",,99.9,99.9,100,0.7,,"Good","2017-11-24T18:54:35.019Z","2017-11-24T18:54:35.019Z"
"575589.3","Acinetobacter radioresistens SH164","Acinetobacter radioresistens SH164",575589,"WGS","SH164",,,,,,"CCUG 57822",,"2008-08-26T00:00:00Z","23144699","PRJNA38345","SAMN02463732","GCA_000162115.1",,"ACPO00000000","NZ_ACPO00000000","Broad Institute","assembly","454-GS-FLX","40.04x","Newbler v. 2.0.0-PostRelease-1/21/2009",,,18,3158014,41.5,2880,2874,,"Skin","recovered from a patient's forehead","1994",,,,,,,,"Human, Homo sapiens",,,,"Gastrointestinal tract",,,,,"-","Rod","No","No","Mesophilic","-",,"Aerobic",,"Nosocomial infections","Acinetobacter radioresistens SH164.Strain SH 164 was recovered from a patient's forehead.This strain will be used for comparative genome analysis.",,99.8,99.8,100,0.7,,"Good","2014-12-08T22:09:42.138Z","2015-03-16T03:17:09.594Z"
"596318.3","Acinetobacter radioresistens SK82","Acinetobacter radioresistens SK82",596318,"WGS","SK82",,,,,,"BEI HM-107",,"2009-08-05T00:00:00Z",,"PRJNA34081","SAMN00001943","GCA_000175675.1","SRR013524","ACVR00000000","NZ_ACVR00000000","J. Craig Venter Institute","assembly","454","21x","Newbler/1.1.03.24",,,82,3283705,41.5,3038,3188,,"human skin","isolated from human skin",,,,,,,,,"Human, Homo sapiens",,,,"Skin; Right arm",,,,,"-","Rod","No","No","Mesophilic","-",,"Aerobic",,"Nosocomial infections","Acinetobacter radioresistens SK82. This strain was isolated from human skin.",,99.7,99.6,100,2,,"Good","2014-12-08T22:09:42.191Z","2015-03-16T03:17:09.594Z"
"596318.6","Acinetobacter radioresistens SK82",,596318,"WGS","SK82",,,,,,,,"2013-06-05T00:00:00Z",,"PRJNA34081","SAMN00001943","GCA_000175675.1",,"ACVR01000000",,"J. Craig Venter Institute",,,,,,,82,3283705,41.49,3226,3188,,"human skin","isolated from human skin",,,,,,,,"env_biome:terrestrial biome [ENVO:00000446]","Human, Homo sapiens",,,,,,,,,"Negative","Bacilli","No",,"Mesophilic",,,"Aerobic",,"Nosocomial infections","Acinetobacter radioresistens SK82. This strain was isolated from human skin.",,99.7,99.6,100,2,,"Good","2017-11-24T18:54:39.571Z","2017-11-24T18:54:39.571Z"
"710094.4","Acinetobacter baumannii AB056","Acinetobacter baumannii AB056",710094,"WGS","AB056",,,,"MLST.Acinetobacter_baumannii_2.1",,,,"2010-01-25T00:00:00Z","27458211","PRJNA43427","SAMN02469414","GCA_000177695.1",,"ADGZ00000000","NZ_ADGZ00000000","Case Western Reserve University","assembly","Solexa","40x","Velvet v. 0.7.55",,,959,3844254,39.1,3567,4084,,"Blood","isolated in 2004 from a patient at Walter Reed Army Medical Center with a bloodstream infection","2004","United States","Walter Reed Army Medical Center",,,,,,"Human, Homo sapiens",,,,,,,"Resistant","AMR Panel","-","Pleomorphic rod","No","No","Mesophilic","-",,,,"Nosocomial infections","Acinetobacter baumannii AB056.A. baumannii AB056 was isolated in 2004 from a patient at Walter Reed Army Medical Center with a bloodstream infection.A set of closely related strains from an outbreak at a single hospital have been compared, leading to inferences about the extent of mobile element-driven gene transfer in the evolution of antibiotic resistance.",,99.1,97.4,99,2.1,,"Good","2014-12-08T22:09:31.980Z","2015-03-16T03:17:09.594Z"
"886886.3","Acinetobacter baumannii AB210","Acinetobacter baumannii AB210",886886,"WGS","AB210",,,,"MLST.Acinetobacter_baumannii_2.2",,,,"2011-05-18T00:00:00Z","21565804","PRJNA52391","SAMN02471594","GCA_000189655.2",,"AEOX00000000","-","University of Birmingham","assembly","454 GS FLX","31x","Newbler v. 2.5",,,106,4061440,38.84,3869,,,,,,,,,,,,,"Human, Homo sapiens",,,,,,,,,,"rod-shaped","Nonmotile",,"Mesophilic","-",,"Anearobic",,"Nosocomial infections;Pneumonia","Acinetobacter baumannii AB210.This strain will be used for comparative genome analysis.",,99.2,98.4,100,,,"Good","2014-12-08T22:09:32.164Z","2015-03-16T03:17:09.594Z"
"886888.3","Acinetobacter baumannii 3990","Acinetobacter baumannii 3990",886888,"WGS","3990",,,,"MLST.Acinetobacter_baumannii_2.2",,,,"2011-02-17T00:00:00Z","27458211","PRJNA52395","SAMN02471598","GCA_000189675.2",,"AEOY00000000","-","University of Birmingham","assembly","454 GS FLX","15x","Newbler v. 2.0.01.14",,,96,4015011,38.84,3838,,,,,"2007","Italy",,,,,,,"Human, Homo sapiens",,,,,,,"Resistant","AMR Panel",,"rod-shaped","Nonmotile",,"Mesophilic","-",,"Anearobic",,"Nosocomial infections;Pneumonia","Acinetobacter baumannii 3990.This strain will be used for comparative genome analysis.",,99.3,98.6,100,0.5,,"Good","2014-12-08T22:09:30.154Z","2015-03-16T03:17:09.594Z"
"886889.3","Acinetobacter baumannii 3909","Acinetobacter baumannii 3909",886889,"WGS","3909",,,,"MLST.Acinetobacter_baumannii_2.78",,,,,"27458211","PRJNA52397","SAMN02471606","GCA_000189695.2",,"AEOZ00000000","-","University of Birmingham","assembly","454 GS FLX","12x","Newbler v. 2.0.01.14",,,236,3954832,38.92,3747,,,"Blood",,"2006","Italy",,,,,,,"Human, Homo sapiens",,,,,,,"Resistant","AMR Panel",,"rod-shaped","Nonmotile",,"Mesophilic","-",,"Anearobic",,"Nosocomial infections;Pneumonia","Acinetobacter baumannii 3909.This strain will be used for comparative genome analysis.",,98.7,97.4,99,1.1,,"Good","2014-12-08T22:09:30.113Z","2015-03-16T03:17:09.594Z"
"886890.3","Acinetobacter baumannii 4190","Acinetobacter baumannii 4190",886890,"WGS","4190",,,,"MLST.Acinetobacter_baumannii_1.992,MLST.Acinetobacter_baumannii_2.25",,,,,"21398548,20456455","PRJNA52399","SAMN02471587","GCA_000189715.2",,"AEPA00000000","-","University of Birmingham","assembly","454 GS FLX","10x","Newbler v. 2.0.01.14",,,396,4032291,39.08,3951,,,,,"2009","Italy",,,,,,,"Human, Homo sapiens",,,,,,,,,,"rod-shaped","Nonmotile",,"Mesophilic","-",,"Anearobic",,"Nosocomial infections;Pneumonia","Acinetobacter baumannii 4190.This strain will be used for comparative genome analysis.",,98.7,95.7,97.4,3.1,,"Good","2014-12-08T22:09:30.189Z","2015-03-16T03:17:09.594Z"
"903924.3","Acinetobacter baumannii Canada BC1","Acinetobacter baumannii Canada BC1",903924,"WGS","Canada BC1",,,,"MLST.Acinetobacter_baumannii_2.1",," ",,"2012-10-31T00:00:00Z",,"PRJNA53447","SAMN00761234","GCA_000309275.1","SRR387315","AMSZ00000000","-","Walter Reed Army Institute of Research","WGS","Illumina HiSeq 2000","62x","Celera Assembler v. 6.1",,,66,3936404,39.08,3778,3825,,"human at a Canadian civilian hospital","isolated in 2007 from a human at a Canadian civilian hospital","2007","Canada","Canada",,,,,,"Human, Homo sapiens",,,,,,,,,,,,,,,,,,"Nosocomial infections","Acinetobacter baumannii Canada BC1 is a multi-drug resistant (MDR) strain.  It was isolated in 2007 from a human at a Canadian civilian hospital.  It is a nosocomial spread of a war-related infection.",,99.3,98.7,100,0.5,,"Good","2014-12-08T22:09:35.261Z","2015-03-16T03:17:09.594Z"
"945555.3","Acinetobacter baumannii WM99c","Acinetobacter baumannii WM99c",945555,"WGS","WM99c",,,,"MLST.Acinetobacter_baumannii_2.2",,,,"2011-01-25T00:00:00Z","22092679","PRJNA61917","SAMN02470285","GCA_000186645.2",,"AERY00000000","-","Macquarie University","assembly","454 GS FLX","14x","Newbler v. 2.3",,,162,4042799,39.09,3854,,,"Sputum",,,"Australia",,,,,,,"Human, Homo sapiens",,,,,,,,,,"rod-shaped","Nonmotile",,"Mesophilic","-",,"Anearobic",,"Nosocomial infections;Pneumonia","Project description not provided.",,99,97.9,99,,,"Good","2014-12-08T22:09:38.942Z","2015-03-16T03:17:09.594Z"
"945556.3","Acinetobacter baumannii D1279779","Acinetobacter baumannii D1279779",945556,"WGS","D1279779",,,,"MLST.Acinetobacter_baumannii_1.942,MLST.Acinetobacter_baumannii_2.267",,,,,"22092679","PRJNA61919","SAMN02603576","GCA_000186665.4",,"AERZ00000000","NC_020547.2,NC_020525.1","Macquarie University","assembly","454 GS FLX","17x","Newbler v. 2.3",,,88,3652764,38.89,3434,,,"Blood",,"2009","Australia",,,,,,,"Human, Homo sapiens",,,,,,,,,,"rod-shaped","Nonmotile",,"Mesophilic","-",,"Anearobic",,"Nosocomial infections;Pneumonia","Project description not provided.",,98.8,98.3,98.4,,,"Good","2014-12-08T22:09:35.281Z","2015-03-16T03:17:09.594Z"
"992402.3","Acinetobacter baumannii ABNIH1","Acinetobacter baumannii ABNIH1",992402,"WGS","ABNIH1",,,,,,,,"2011-08-01T00:00:00Z","21825119","PRJNA63335","SAMN00855421","GCA_000222225.2","SRR488134,SRR488135","AFSZ00000000","-",,"assembly",,,,,,103,3899186,39.12,3739,3697,,,,"2007",,,,,,,,"Human, Homo sapiens",,,,,,,,,,"rod-shaped","Nonmotile",,"Mesophilic","-",,"Anearobic",,"Nosocomial infections;Pneumonia",,,99.3,97.2,100,1,,"Good","2014-12-08T22:09:32.547Z","2015-03-16T03:17:09.594Z"
"992403.3","Acinetobacter baumannii ABNIH2","Acinetobacter baumannii ABNIH2",992403,"WGS","ABNIH2",,,,"MLST.Acinetobacter_baumannii_2.2",,,,"2011-08-24T00:00:00Z","21825119","PRJNA63337","SAMN00857848","GCA_000222245.2","SRR488147,SRR488148","AFTA00000000","-",,"assembly",,,,,,125,3938086,39.14,3691,3809,,,,"2007",,,,,,,,"Human, Homo sapiens",,,,,,,,,,"rod-shaped","Nonmotile",,"Mesophilic","-",,"Anearobic",,"Nosocomial infections;Pneumonia",,,99.1,98.1,100,0.5,,"Good","2014-12-08T22:09:33.118Z","2015-03-16T03:17:09.594Z"
"992404.3","Acinetobacter baumannii ABNIH3","Acinetobacter baumannii ABNIH3",992404,"WGS","ABNIH3",,,,"MLST.Acinetobacter_baumannii_1.353,MLST.Acinetobacter_baumannii_2.415",,,,"2011-08-01T00:00:00Z","21825119","PRJNA63339","SAMN00857859","GCA_000222265.2","SRR488149,SRR488150","AFTB00000000","-",,"assembly",,,,,,285,4063283,39.06,3838,4044,,,,"2007",,,,,,,,"Human, Homo sapiens",,,,,,,,,,"rod-shaped","Nonmotile",,"Mesophilic","-",,"Anearobic",,"Nosocomial infections;Pneumonia",,,99.1,97.6,99.5,1,,"Good","2014-12-08T22:09:33.303Z","2015-03-16T03:17:09.594Z"
"992405.3","Acinetobacter baumannii ABNIH4","Acinetobacter baumannii ABNIH4",992405,"WGS","ABNIH4",,,,"MLST.Acinetobacter_baumannii_2.2",,,,"2011-08-01T00:00:00Z","21825119","PRJNA63341","SAMN00857901","GCA_000222285.2","SRR488249","AFTC00000000","-",,"assembly",,,,,,184,3988750,39.15,3833,3891,,,,"2007",,,,,,,,"Human, Homo sapiens",,,,,,,,,,"rod-shaped","Nonmotile",,"Mesophilic","-",,"Anearobic",,"Nosocomial infections;Pneumonia",,,99.3,97.9,100,1,,"Good","2014-12-08T22:09:33.327Z","2015-03-16T03:17:09.594Z"
